address,count
0x20b633598c4417b1e91eaff7de57322e22e4fc70,100
0x98db1d0a32d0783a1e689f226bdebb81e57f26d9,26
0xf12d002f261e96b92701e4f507910fcb8c95a1f7,21
0x41c0160c04458a933fe00d62b222d8412226aaf5,19
0x1d1c50859e032fb28f153d42dba6b356005a888f,17
0x01e213710b8a7ab45031c20a83c12a4bcd24ba02,14
0x1ce95deb31aeef3c4c6eb1d9ffa26bddd8a25041,11
0xae222dd4f99bf43d37725b31d52e42cf218acba4,11
0xf84f133455677396eec37b12e3fd10944cd14c82,11
0xab5f4d9a90e3bb2ff4375212ea06eb99d0174c29,10
0xac197a3dad2742ea06384a4937c6fc3d1264729f,10
0xea800248adaf0f28cca4deaa2744afff3480710c,10
0x0e34b5e7dd9d74d64e579634c68b1349774df00e,9
0x96f752893c9c40611f20c962871067d0ff235475,9
0x6b807b1cc7e5cb402f4d9647042d94411c5e6c34,6
0x79d16570483afc8c749216bfc0b8abf759ead7c4,6
0x92610feb91a723680a11d4cc25675d1c6148bfe3,6
0xcf49f6a3c4b1475cee4b15b89d2fd0a79d61b079,6
0x262e6fa1cf63768c3c59d30b5a831795d22a716e,5
0x9229de3eb10763677af61155dcaa5b13fb39ea8c,5
0xc599b765a3a9debd606699575a9fe3df1ccc5641,5
0x0bd31f087f85de4a84a985c61501b69654595f5c,4
0x521dc78990c39f7c4554cb21655d930cf3ab211e,4
0x564ab8c394760b6cf3714c4d25b209b6230705d4,4
0x58f739415a2c1047f6b07753e289f0d37d89a7dc,4
0x74f1d4304b3c2bcc906dffcb363cba1ea7d17985,4
0x763fe94c549d9508ad3b3f9893e49b4656d26323,4
0xcf0fdf0e8be94065927a4b04627f1bbede9d838a,4
0xd777e8fde3605e82e2e5fffbb4f69c71d6346c01,4
0xdca8727851b370340d11f293348132fc6eccb741,4
0x167d9e9734f5220db5f59288a0dd45c765f8698c,3
0x21a01e4a959c0c1b18c7fe47fd2937f2dd4bbd83,3
0x223b55316ad3b3b246578ef5cbd2f2ab71ae23e5,3
0x23a49c83c49165340cd422546992301cde4607c3,3
0x265dcb3fe0dc103a5e85413a580b8dae92e5dc33,3
0x352a0500b2b2cc68a7fe73784e1428a806f8773f,3
0x41866e47c8785532a92eeee52cec39503c5e8e18,3
0x49fb50c0dc0dc5d689f0c31bb41e9cf864849d47,3
0x546500a097d95f14c02fe4a58b62c717812e05e9,3
0x89334e91dd2e6da246a433ec84664f48e980e29c,3
0x8de962fdc6521a426389aad89e1c067c8f816004,3
0x8dfa76a3e8f290e6224b93beba163b90449b0e38,3
0x938acd1dca436f425b101694ea46c38b4bf1d2e4,3
0x984bb41cebddb46585fdb16a474402b1a576aa87,3
0xb4a9b17d0abcb709107e5e4118c2ae1835631343,3
0xb9ce7734ffdcbb13e987957cfd40af66578682c0,3
0xbcdcd05bcd1fe9b12e39b25bf0bc018de15c3504,3
0xccf0b44f7b779b82068729c9b87101ba46ca7756,3
0xd8dc4ca19f64981f82a65c85f2be3eee8e41ad79,3
0xec7641e298af02c19171451381c570327389b0c2,3
0xf17429f1870701969883aa070c2c2d1b60498df1,3
0xf73f2aafe3c8d663b9ffc5ff628c5ef9ee1fe9a8,3
0x0a9c52dcce024dd72aafeb43c1c253b93ab6ee2c,2
0x0adef50a03ef67810b85e36f18e9c233e5d56bc1,2
0x0c96b942105a4b4f2083f61411d83b7e1078de53,2
0x1a8023cd61f788585e42ce86d9406eaa0034e09a,2
0x1d7b274335500aa8e4d30d00fb25250668d75023,2
0x1e01ea8a1067c78bbcadedf2dfffb29e65b2149c,2
0x210abbe2558d5f5b9de448904242a8d9b4af4474,2
0x27b51dccb37d5584c1d73d0121e886b97079bc12,2
0x27cdbad013d7bb5fab49d3275f898d68357fff83,2
0x2faf172e8da1ffca110c07cc640c93d1fcc35269,2
0x34af1e4b5de0020b16b3029a903da5b068ddce66,2
0x3ecdd58c4af9fed17196904f4f06749cd7fc1f8b,2
0x42f34449209059717e6c48ed0110783a7df82abf,2
0x44d03aa850c5ae81e71489ade600cb0e7d99d349,2
0x44d5a0b1e165a17c16d940ca774a28e62d4b44b0,2
0x53ccb7f2160f1ded5e9ed64058a71e0dd3b041cd,2
0x5828ecba6057de39da53b5fab9b27114aaae8541,2
0x6186290b28d511bff971631c916244a9fc539cfe,2
0x6acdf2954ceeecdf9e938cab389c942cad6fbd66,2
0x7499fb8bc7bf63c654c435aeffc33e17c686387f,2
0x7526cc7aaf40f3edb63ec198a65fd3a4ea6c1445,2
0x784ff7b709dd9a18318b83a93da6102a26291baa,2
0x8594ed0bf061771f52c2e3b43e13a63243d7737c,2
0x8784c330bf688b218b75f097209039172b7026d4,2
0x8a3cedb8ba9f5c78fcffef512c79f4db3d5452b8,2
0x8cbd338f70232814b9ff60aefb246ab87734bce7,2
0x8d9a33f393732a44c250541828f559bc60727c76,2
0x93f3df4b4277344cee99acdc87be9a62cf8bf3ae,2
0x941d830d97b1f7a8ecbcf22413af14a5b1299726,2
0x996e1d4ce3e1e558889832832004b2466153adbe,2
0x9e366e32b067a15a359c2c63f961ac8405cb8e2f,2
0xa75b7c9781dd52298b3aa4c238a7fe84be90cbdf,2
0xa8adcb322aff222c7f9a0485d40324dbf02d3c1c,2
0xa97a0bb17753737e88f860bda5cdeeca6bcbb520,2
0xaa6c0a13cc4ad4c52d3a3e865028bade90a396c8,2
0xb14d02eb3406ec8858bcbf6e19faa8c0e97fd474,2
0xb19fd0ab71d28eeef69a6641a85973e62a729060,2
0xb2c9311715903c42f1267e049267352720e7b167,2
0xb3bddfcf27a60fee29306e1f9f5143d92f680caa,2
0xc1ba0b430b65cffd5e9e13cac6c9510789d3737b,2
0xcba35e68a8e99cd32a31e37aa2e57e2eaa727c1b,2
0xd8d4f2bc336c8f5da8b9f3e257bc6d63379cf6a1,2
0xda170d0f10fca1ee081c895eb98c20ee2ff8a44a,2
0xdc265c5be4dc88a0d254a1ebd48fd593ee3ae1ae,2
0xe03513898e041bfa68292ad8992b2d781ae738d9,2
0xe11425ef53d02ac9119e0522c85cc9a189880cb8,2
0xe3fc2e600147fb1e2f32486f3b2f0aafb58e31bb,2
0xee882ca87e164d3862a9aea8495af73aa4d64720,2
0xf6cd494f62e156090bf0034481b891426b8177ac,2
0xf893f6ed12893ec15032d8a4ab2a9bd0fcfec31a,2
0xfcf6dddc92b9cd97780e4424d50f27ad04bd3f13,2
0xfec4213278555d692679c918423816fa99bb74a8,2
0x001a9d8fc5916cf5a1c43dbca0e937006fa1412a,1
0x005df2c23953547d2502d39d32448f59bc9e61d3,1
0x00dbf4ed86edbb2edc01dc9264d33f9dd9151a87,1
0x015a855fa8c3a332646f27c744873cf110747b8a,1
0x01843729aa43e0ffb627af81b61e264670209042,1
0x023192b16a986dc4e5cb76c1ec2f4d2de4d08462,1
0x03b37c2d34545b11dc80a05134d98e365339ef9c,1
0x03ba323921b9301b905972182f4d6985117830b9,1
0x03ea3830138e1a986a8013e180a6de5a8beee6cd,1
0x03fa6d7fa59ee2bb7baa20293e696e488a8c42c1,1
0x04318d9a395d74c5e8f90d54333844ca3984f05f,1
0x0433062f9f466c4a184b2ba0e4da38efea5e2f87,1
0x04ad97496fc65b04046142141438df61cbd2bcbf,1
0x04ce40f073df81303d1151313727da3530d22085,1
0x04e5b349ec959ef84f1ed57a74d34a185790cc16,1
0x060fb9f0d0529a80f5fb94ecad98df7df99ecb0a,1
0x065fcacc7262914fc0befecb6279a5a40d70c243,1
0x06d93cb37119e1c6090e8e9c932a33375d49ba5e,1
0x0707ec1c7542881ef04033bf87d5ed4fba1b7f61,1
0x07169be82292f244dd94141f0e9e02248ae908ff,1
0x0846dbd5bee497dbe766c62ecb48eab85a4a489f,1
0x085322470aebc0e57e1a275456ba7248ba4c4c0a,1
0x08babe6d128bad52e63fc23a3cd2e5e429ad8ca4,1
0x096e621859efb8978a393032c22e40b0c0ec43c2,1
0x09848e7490628700a8f7b10faae790b47d6cbea7,1
0x0a264e1ee0e75b428688cb615e32f31e836baee0,1
0x0ad763cb4e063e69901451fd9cef7b5e6a00f114,1
0x0b41078fe96ad555b13eed39f30d2c7d264fdaf5,1
0x0b583b40ad416b2ce0346783f6527148dab3e9d9,1
0x0c4012a8715e759615c0a92f6463a2d516899c72,1
0x0cba91c64ac7be2f7cddabc9aa43acd69ae40955,1
0x0cdb200dee93be1be48b88e5b4645fdfdf343b5e,1
0x0cfdd08bba7a3b6bcbfb6fb491acb7cc51a9699e,1
0x0dc1c0cf5bc0791d9cabc9404ba7f0cca4176285,1
0x0e28f56542297e447831cff3f80616c129838e9f,1
0x0e3b67878d9ae1b19039b2640c9db17b4c28ab85,1
0x0fa1c11206e86d9317e69be4b094b7571166993c,1
0x1034f2ba92dcfc4a672e6bbaa86e136fed6fb39e,1
0x10976bd9f4f83ba7eb60f5b2e92d9f9073e295b8,1
0x1101486a235c3559b36293ffc7e742864abbc6c1,1
0x110772f7472b56a1ab844051260b9416fe30245b,1
0x12af066903a962a75959cc915a45aed26d8dfa44,1
0x13bf71e64688c9bcee3834a3652253858ba48f80,1
0x1454ce9aa48b0128e447bf1f6bba239603c01be1,1
0x14c841fc48f0627e4f55854ff3eff9335b971e12,1
0x1521fffc525a887292dfeb44d1c762b55090052c,1
0x155cda6da8e7a53c88d7a4b9f4fe946194682171,1
0x163dff00352b3d3757773844309609a60b0da7ba,1
0x16d7034610db82fd30ffc9667f4b4f55e2b8541f,1
0x17056b62feda3a0abe7c821bfabbf3f66da70d27,1
0x191d31762f9deeb57f7a3af4af6c912168b005a9,1
0x1920dbcfdf0fd291a71bec0b66e20ff8674b01a7,1
0x193cf4314e2f4df19508fcdf8f1f3899c1011ddf,1
0x1984edf70973e1389548f21cd0dcb15b408240c9,1
0x1a294e224a6eda391b08d5e68d2d0d8bc5d7b8e8,1
0x1b2965dc3b1697dd10b7126ec7393d79cda2cf91,1
0x1c2fa1e9dd73303fd08b5789282732f01a988704,1
0x1c8e3c9bca8aa307296f204a4b06003741f645e8,1
0x1c9095dc9b6faef44a936be4a8274784e3f438f8,1
0x1cfa525a42ffbc574f45eabe4a75f7886c607deb,1
0x1d1473c50fd1b266a2f304f3034814aa978d8d84,1
0x1dd57fef02636ac4b78a0cfecd9dd0e8f031d43b,1
0x1df8acdee8ec275abe1c25bece73b8b310a44c62,1
0x1f8cb86c691a51f83ab9ed18bea5c5e1d59fa7b4,1
0x20a5fc12e361b7429d1252816d22a4a1d7ef816d,1
0x2170d4d53931e04cff082e0d724d9cfb93cee12b,1
0x21806643ede8c407b1b34dbfebe319f0b711e911,1
0x21d470e9e4ad815572835bad6f0c901ba0600ee1,1
0x21dedc7a641472188b8819436cae7a0ce2bb1055,1
0x221320d34800760e06b206acd01e626e463eb03e,1
0x225a499df5274b5977e59127389ecfce12c79db0,1
0x2271fbf15f0ca3c0b3f958a03cf290ed6de41a49,1
0x2289a381f800b137fae07e687e0119ecd3896f0a,1
0x231d6dc4a458859c1929f4d2e671857be19517a7,1
0x24f911969d3817362c523febb0ede9737bdf36b8,1
0x256d4aba01fdfe2f2c316dfddfc80a5ea3cc077c,1
0x258d2e7e82ef2b9b2b3a6f201d3ae4a6d7f2c97d,1
0x267c6c60d6431519b512c67138e1a77911217181,1
0x270ab504bdcd867d590c2ee176d0afaf2e0c8b4a,1
0x27ded67d88c0da8c6b0fb0f7c78d87926d71119a,1
0x29059f184faa0a32c83971c8951829c8be27d3f3,1
0x297cf79ad1ca102de119fd5c4593e7c4cd99b13c,1
0x2985b2c952da8840cfb0b40fa44203b9f5c17cf1,1
0x29a0127e6090c1aa753d33bf5730591abb5ba83a,1
0x29b602e754e836457c4e6fa34f1005c17d70d822,1
0x2a119052773e26514df97011b2c5f1a35639ce0f,1
0x2a72eaa6fe700b50164802554edee40663c23327,1
0x2afbca276f75578f9a4149729b4c374b7863b133,1
0x2bbaae56aaaec14046bc3f90a00e8ca3eb1b4866,1
0x2c3c7dfab66a8f5cb024ac8431cd0261f5c057b7,1
0x2c6b550ec68669983c6abf4fa47f377e583b3b31,1
0x2cc364392a90e24fbbfaa9dddbb5cef993156327,1
0x2cedb1c02cfbfcf672191af4f22d063b01751dd0,1
0x2cf84928261f655a47d04ec714d3bedf9375de46,1
0x2d393a57c3b37bee558a4aa0c1d1aa3a776d3a9e,1
0x2df96030e8dbd0e7e76ccaf110cbf808e561fa10,1
0x2e844bf722745da82557f7929a3804288a8a3415,1
0x2fb641a2ba823f41752f43b717bd943b3e6fd766,1
0x2fe7d0d460f729ed0e91a69fdffd3f9fef831397,1
0x32add67f719b6b8172ccffea8be310f6b6b9cbb0,1
0x32fc3ee5f55c467c952d40b6aef79eec97880dee,1
0x33423c4699fd3a3ee70396b0ddb2147d4433517e,1
0x33631a4f9f83849aff6aa8f0f83c817d909547dd,1
0x338699008f8a12422ab0d69361f7f83741d3ceca,1
0x33ac2f590f9ebe4d1f6161997eacc8b26d396f0d,1
0x34946f33ec97ab711ff665f3a2c246359139cf24,1
0x34ade0a396ab9393a85b0b1d83f961f206d7bbff,1
0x34cf7ac942a815ddeddf1319ce91dea69af46dcb,1
0x357039febbf491f11ffe0c6aa3302c7fc956b1e3,1
0x35b0531decd2d4035f06e3db8375e1048e6f9037,1
0x364403064753bafc2dc0ca9686542dc24a1ec8ca,1
0x3686a4b272c646ef6fbe34377337d95db7356e63,1
0x37c8deabe13bd8e1ab0d4eeeaef88a8c5ae4d926,1
0x37cd8223da1be068ab6bd9de805431999ee89871,1
0x3832c8a45faa8307893bbd9d4a2703cf6629d5b6,1
0x391fd74d878489981015635959c7c970e13ad057,1
0x396f18ddc7587487d76286a2df224691d4d9157d,1
0x3a91ccfddf04ace312910caefe7b552255aa76e1,1
0x3ab51702f5a6507e54d4667b35bf187a574afd9b,1
0x3ae8ab72dd127dca6a95582db1b7def179c0ad54,1
0x3b3b0133cbc35dcfacde46768376ce43676a094a,1
0x3ba53cea97bfff5a303ffc66dc4f390383bcd62e,1
0x3bcadea43e7a69edf603838f3e36a78df04b0153,1
0x3cae9491bcf301ed23b0602a99fe459dfab44d1d,1
0x3d27b577b7c2388964a7e1a397f96e913b0d48e7,1
0x3db8fd0d70436d6fcad547c183c1af8485c1b046,1
0x3e199580a778c0c507904fb2f46ca727103f4ed3,1
0x3e64c5f22fb5a6653d9036e8e99cf97509fc5d6e,1
0x3fc20ab0b295bf84aac393ada0d9aa41019b9336,1
0x40597b575863af346bb82a7c9ecb26f812dd4436,1
0x4072b5d1c8af424ad93569c5618318d87da12bbe,1
0x42c3844eaaa66688baed1f821cb741dbb46f9259,1
0x42cbe2af77f2605edff04c1808848adde1db7678,1
0x42d358778dfb90c4bac92da6f4b4fe5b1b04560f,1
0x435df95cf22a3e8ccfd0a10ab14ca4a446928186,1
0x44487bbdf4c8ecd55fa65fa0553fc94052e4f1f7,1
0x45c35f5cc475713a766fca3f888ce7069755bcdb,1
0x45db9d3457c2cb05c4bfc7334a33cee6e19d508f,1
0x46bac855ceda31ad63874899338c087218fb765e,1
0x4701da3bbb243bf8da54c80df177a562c8d2565b,1
0x4742ab77a9ca6e4f922c340f46a8e17efa4a9890,1
0x47b5b21dc1e866804b86fbf16c6687eebdf6a389,1
0x4928ae84bc1ab360d7513fe72cb281f8af89e3e2,1
0x4a5de90d9566658de16929f7151fbaae07e18ca9,1
0x4ab16a42c6d06aed8bf46911267c40afc37e2270,1
0x4ae4df9cdfc73dff4bbeb225cbea22adb6900f13,1
0x4bb16847c69acf11dcbe58726922083ff711bbc2,1
0x4cd5e58fb994b668a201e2166f933d8f998b5220,1
0x4cf2df668e81e529f6f1d3eabd5d6079b9d82dd2,1
0x4d10f999dca699af02c4cd9690ac420ce00ddb46,1
0x4de897414481622417bd25d65c01b10f3c9a629e,1
0x4e35459f8536b824bf42bcb3feafb079317752e1,1
0x4e54f42cf3de67653e0dbe22a834ef1ebe8ce501,1
0x4e84a91a450aeef23f0670fb486d55b1d85a8dd0,1
0x4e91c112f12fdeb407560fd480a5cf743979be00,1
0x4eb4a5718a685c788b650c944834ba574db508c4,1
0x4eef4d4734d98d8459b43e9828c188cc81c7bcf7,1
0x4f8b9f0b45ce3ef31dafed911d0598f10dc5912a,1
0x5207f7b84af138eea003c0803792f816cb77a890,1
0x538d4d20450aa13212f73cf320f4707841961feb,1
0x5426ed8d20b58782fabf800220be295a24b83d34,1
0x544136be3e704d1389b006abbcf91b990ee82e62,1
0x54b948a3dc35845122aca40deb8d4c8b9fd77c7c,1
0x5552b85079908bb184ea593e269daffb31d8d74f,1
0x55d4a9e5cde6fbe40991e7570e01899891f6b0d2,1
0x55f5429343891f0a2b2a8da63a48e82da8d9f2f6,1
0x568092fb0aa37027a4b75cff2492dbe298fce650,1
0x568d706aebb61fa2e85888cc5d3d6b7d5ec2a8cb,1
0x57e020da12423998f0ec9e70d91838f75bf57069,1
0x57f3dfd2675615978808285b74d6188caae37007,1
0x581bd489306df3fd5095b79d914d0db0f52eebd5,1
0x58f7fe5635453bfb7239f4aca6115b4ce1d27587,1
0x590f8578c0d53b4c98e5694aa9bb716895efafc5,1
0x5a8f66b24de24e1c829e03c9d3efd3343064083c,1
0x5b046272cb9fde317ab73a836546e52b1f2d81f3,1
0x5b557f30bfa042b28bef54f5283c953abfbd870b,1
0x5c251c9c4a1ea95104e020873ce70c07fa6d8a20,1
0x5c3d12c7c38da112aed4215a5516a43c9d03f654,1
0x5c8eefe1a17a340f3278a790e8b6ca7c89ecbefc,1
0x5ccbb68cde5287fb4afbaf5a5879c46fed8ec5f5,1
0x5d278005d5febb09621c572990e1e2e49f5ed466,1
0x5d7ab9f48826d8720669513faa02a8fdee6347f9,1
0x5df064a0c99ee40171500782934b47b874462d18,1
0x5e410258a1e5e66a8dd9edc583593a90505b0978,1
0x5eba9d6e64a48884409b4923f957a3a5c9e17121,1
0x5ef89f92388e309f795081e0dd83c82011ed2546,1
0x5f4934fc98eae6061a01868a4700c53c1ffb7d2e,1
0x5f572a100e408d6812028ba9adfdb4c6209680d0,1
0x5fbcbe5cb84a93b6c59338e4d49c0c0d30e9d4d9,1
0x60ce2c648e81d819c53d03bc6d7fa39ea5f40c6b,1
0x6139bba2d3f12a6c5ea18ce678d1bcff65df7bb6,1
0x613a6ac360a70c5bda277a5cb6ef9318ccacea93,1
0x616ba726629c1e58d991785c83db45fb99406610,1
0x61f36b9c64f0ec015f2963299cdc76d46d83d2d8,1
0x625e7ecea0bf6955ba15a8c1a7731cb44488ace0,1
0x62cfac7b1fd0d340a140da4faa55656e1f5879f8,1
0x639e87da3733123f6b6f5362f3ef076b2c654411,1
0x63d2d2acf60b34078a1952b3d6dff05fcb36751b,1
0x64066b102c6f7db7befc129b671010938b856d60,1
0x654c58789d4c608d4116f93a208cd1470d7667f1,1
0x657d475a99487f7d133acd1c295f5bc5013e4ebc,1
0x65b1e7f7208c5ea4fe2841622a3c034da670d96c,1
0x66082c2543a730b47cadbde904a5b6f042b1c12f,1
0x679d5162bad71990abca0f18095948c12a2756b0,1
0x688c0131063c45bcfce420a4594be25954c4f053,1
0x6980826f2989783ffee9176b381aa1cc36fd0f57,1
0x69845105ba1c60ad6f510aef52f1c2e811b357a2,1
0x6a1802709984e307bde9eb66e0a3ad4dda4b4cb7,1
0x6b4464be86a5c07a689ebc860a351ab2b5e5f71f,1
0x6ba4c889561449bd7adb65511e1b1744e80c35da,1
0x6bc5e8b0475d612438eb1756792a865ca51b1677,1
0x6cb5902d0c8c4818d461681d1df0409d519ee1fc,1
0x6cde607b8674894e862cb6ef6880342da896fab0,1
0x6d47421e1b4293c29ad00f3b89fc15fce2d0c130,1
0x6dba86e1948d177f57e202df2af39336973387f4,1
0x6e23b6d841432bc5b086aafa8da2f1cbd7e740ad,1
0x6e54a4f2a9f4d6f43be903e1c0805f0943343784,1
0x6e9c054fa0e80972b38b62aa889536b08bd97ef5,1
0x6f8f712adf9a257d51f583011ec4809c83283b6b,1
0x707bd897076fa15fb0d4c5bb404687ae98ffa4e9,1
0x71f2106e53ce0d5f4169b231ddc5cffeb0150e10,1
0x71fea781d256626ebc1a5096de69ee4f2230ddac,1
0x722da7ef18a6fe3d6966fd6ad73a8ceed2a07f62,1
0x72e057b597ac519d828a38ec4008d154f7b2c4ab,1
0x7409aed2093cc96293066b77c5be10d0f1c8c7cc,1
0x74667801993b457b8ccf19d03bbbaa52b7fff43b,1
0x749fa3f5a0804b2701bbcc4b9eb8acbe91442ad9,1
0x75256a46e98eb0f9c4eefc197eb3dd88d559a771,1
0x76f480563fa44a6070c65ff5bb4a2365204315d4,1
0x77859c0d07b682af80e9a338f97e88594c0d1ee9,1
0x7798913704bfeadc7fc461091c0b29926247b009,1
0x783ca9833d58a6b39ee72db81f07571d72c0064e,1
0x7ae4b3bb824496da00458a55507364ec4473aa53,1
0x7b29d26d76457a5fe3f7c714fa3db53648c71dc2,1
0x7b59793ad075e4ce1e35181054759c080b8d965d,1
0x7bedfb4cfc05a39446a45fc2eacd0c3aae65f84f,1
0x7c4eb06da0eccdc09fd603624ced9e1f20e567ad,1
0x7ce2c24fa9447da94f15d9255c5f44bfdaf8dc07,1
0x7dc1edfbb5ee7d7c8f1a53b59dcb6e6901928401,1
0x7df5ff64599f8472c350b8735c081a652da72fc1,1
0x7eca7b2a0b7170de1fe3dc8abb3007d60be382fc,1
0x7f6594b695ad806e82e65348a7637b5208bcb3e3,1
0x801216a17cc09d1699f7e956e27a77ab783d01e3,1
0x80b71f0eb5f6891f104e9bd161407ad0c444ea22,1
0x80c0d0fba399afb07e4566baab2097a542b67b7c,1
0x811029780522ce7ab75d2f32af7943eb4592062f,1
0x81482cd155a776123afa39f45fb090047016214a,1
0x82513bcf87d0519b8273ecabc8aeb65ed5000645,1
0x8306574af323c1b8caac49d3661a25a2e201d69f,1
0x85c3420c29d52ba8da2296968745514da1733bc5,1
0x869e90be2ae039da3f4fd7ec676413a1274e4a81,1
0x87d411bb593218f43b1c76278769a0f5d1b740f4,1
0x880f9f7802a956ed607e96b513ba1d788a46d1e5,1
0x8902d60d814b10f615f5401eeef6ba1069e741e8,1
0x89b6779936aec4298d758d0a51e8cfd3131aec65,1
0x8a32c696e4974bf474ca67a9e6008fbdae20c2cf,1
0x8a665460c16e41d6f439b07da50a42bfc52bc964,1
0x8b503c46930abbf53d8a9df51733c84d6c29a76d,1
0x8bfb1b555e20880798e10e9292e008978aee47ea,1
0x8c0f3cd593525e620a97c5946904f6afd225bdb2,1
0x8c2b143b0276bafd2613bb41d7058583cf6706c7,1
0x8c31c60ff7a8088b961e9fa1372014fe3b2887f4,1
0x8c33f9f0ceec3294be32abc6b6b7108c71a69420,1
0x8c5470013e8a5cb343aa192a2d57ac4666abbdf8,1
0x8c7b18db7b9e5597cafd50ba257d4f34bed693af,1
0x8c80eb1eca1e97104db223dfc060ddd8af9dd22f,1
0x8c8a840dd85c1fd98bb57fd7dff8647724f64672,1
0x8cbb5c446b65b4c8c4107a18c799d699a9064272,1
0x8da288c9fdaa754f2eeadf8145222bd1cc8782ff,1
0x8e9266ffbdf4e63d6ae70c44974c904acc1c3c2f,1
0x8f861beca131af06ff39618e062f8720d0c1002f,1
0x8fafc6d084c1d2e5789772bb6ac9471d5b1c0781,1
0x91a8f487eb26101324bc1ce3660a97efd0185b1c,1
0x92be9a3f9f5b3ba7d8d18430723d3c4f82539e74,1
0x930a12b1bf95f2ef4ed33d9c7f05d5f607698e1d,1
0x939cc6dbe3fe8564fc2b84a49cbeddb10060bf43,1
0x9473dee78536edccdc812a99f9038b6c9eeb4193,1
0x9581677edfa83a31035e179fc16e1e78434c183f,1
0x95da590844a9d95078a686736311d039dfd62ce8,1
0x96de627be6262ad2e19553824aad1af6ba1ebe9b,1
0x970427f4a855d55c4e68453923647b99875fa478,1
0x97321d0b17352c1140067b3785ef19251b31ab61,1
0x979cfce8f99e96e62382f7f4c90e861cdad0640a,1
0x98376ec83a9e06b6625eac6dff57c34e8f4ce6e7,1
0x988cd6c6a54af11e2cdf51825f59ac343e90aa62,1
0x98dc52cc09f8626930ddb43e6e2cb0ff8247390c,1
0x98ddccfb0f79815f5fdcfa0d40c546c06d2da4e8,1
0x993015d2c4d659a75d2e4262ad0526091019ec8c,1
0x99490010a01b2edf79ec43f18f51125f38b9889e,1
0x99768daa30519851f224d0e4e47546bd1733c219,1
0x99b4689de3165aab9f656716692036dc38c7e4ab,1
0x9ad1aec611d456c6785d594ddcb6eb9e580e03ed,1
0x9b25ba9b595e98e767caf5053b4c4c923218d9b0,1
0x9b3b8000419a3dc12e7989992ce876bb21b5e57d,1
0x9b6ad3558ea4dd6af9d1bc3cfdbd20c1d599c840,1
0x9c7eed12a73b55878e57ceb84771131f22a8459d,1
0x9ce651e89608fa270f6dc1f7931c62058d1383bf,1
0x9d4a90a42b4111f9a19c0ef1ca86230ed9ce95a1,1
0x9d5393c69a8caed1af722aba7ce1e42b5672160b,1
0x9e022ed97c4c39220ec53a5e8d16c89a79e69cf4,1
0x9e45a61ab8429ea831298584f798b777ccb8945e,1
0x9f2e5ca7bb9ec54042e93924462cdbcb0ce90bb8,1
0xa0496a90312e161bfa8d4292c13adba08bcf0aed,1
0xa061fbfa7dc7ee9f838a717e8b55fbc34641bf6e,1
0xa0f3acb7a615837c133b9f93973e2e68b7fc7a42,1
0xa2672e59cf9cff6a140423f84de997f255a29523,1
0xa3cd8a52ea9ab7babeb564e09871dc43cca8d19b,1
0xa443ce127db7176ceab1b81a29a8945cab778d71,1
0xa4d80978bb057b6e1afb0e47eb2b4879483c295d,1
0xa663a1afa3cceb9e6cf5d0e612b80d2bad85e6d2,1
0xa6ae95184bfb3cdd554f204846aaf7b9f6232c12,1
0xa6c5d40c321412d0a16e46a59b23c1dfd9d54ee8,1
0xa783ffef167e6bc05e3326b30297b37ecdb6ad4e,1
0xa7f34ea446036a0e5f021416bb5dbd8be429523a,1
0xa7fdf17a7cb225e62d0423c7d0b78400f4d02888,1
0xa8aa212e7251c0ca8559a45a76f8e79b0609f0d8,1
0xa903c06bf35286f6d1cdad25396748353979a44c,1
0xa9abe9ae4326124740602be9a03c032ae168ce6e,1
0xa9cd0339ad2e504a6ae4f0dcedcbabd917886dd4,1
0xaa740ba8bd56df3ab2cebe6b88918d247de5f0ce,1
0xaa986ef5ac55bacf72046e2884dc6fbfe3332f18,1
0xaab900656d7f37ae675f35560f163e2681e38b8a,1
0xac48772ebc38131e7f3e2e587f19e3db3394e4e2,1
0xacebb3a58843814d1f307d10b13398972a8a9eef,1
0xad82f94910164486aa11ae254e82216484ddaeb0,1
0xad862a68dc7f2c4147332d73fadb85abe112a792,1
0xad8b83d196e953cd09581b5854298dc79221e5f9,1
0xaea96978b204b8580326fc228c613bdf0b70d397,1
0xaeeda01e5f0669bd66f1ba8dc5e37b3f33c27c7f,1
0xafb1026a04a0988f76145776141e67f205adf689,1
0xaff17663febd9dd2d36ee2ce0cf6fe6795e71757,1
0xb21027569ddae670aa521ed90d6ecb5de515e8d4,1
0xb2157a5b001efb90f2be175254817d48e20e21bf,1
0xb288052ba8d3f650d14067c1401f10bdd7d2ac0d,1
0xb4352c66b648c4898a1d8e53af5bf4d5087b15e0,1
0xb4f3ead1303b28c4d734896384f08529c017613f,1
0xb63dca47c565b213bd2692b4d6832ccf96c513d0,1
0xb6969b738190c8fa03a5ec55e782fa82fba19328,1
0xb7feb8cdf15262ae29f2978c478931b7bd1ffdea,1
0xb81373b923ef0e24dba61a36118b632af8faf882,1
0xbb071066a805e1cf8552225eb62bb69ca6a950a5,1
0xbd3aa402f4411008075cf9bd5100cf6d91fca5ee,1
0xbdb21e816e455e1642dbe8cef6668a62e180657b,1
0xbdbc69e55036686874e233a347778fa661953903,1
0xbe73b19104697bdb1286966ae1167f9dd0a71382,1
0xbfe2867df4e99e4028afa19075f295f325563cb3,1
0xc0728553cb34a11728cbf02e4e888b2180b7e16c,1
0xc124deec8b31350bc5e348296d449783a1450586,1
0xc18d03a8be67cb08c01434861dc561a70c4b3aa8,1
0xc1c0ccd6f13f83c5acbe395abaffae81c80b8578,1
0xc249e787e8da101a80c8b2972603eadbcba5d212,1
0xc27872855a92daf3a50764cfa0265147449a0790,1
0xc285e889abacb6f9a19a907b60493de278da0cf7,1
0xc2f063a8f9ac5e9e7ed1092238bde34df6f64e80,1
0xc3462cdbafa34e27901885e08931d659e3d3ffcf,1
0xc35795a4b9b52125ac3cc698d05741ff6f772c62,1
0xc35f3f92a9f27a157b309a9656cfea30e5c9cce3,1
0xc48aaf204c38e0125c4f12d301d3fea3dfccaa0e,1
0xc58690524855a131737e82555d73c3629a035976,1
0xc730eb609904f7e7e1388d25dd2cb97fd5b0bec8,1
0xc74a99e8c7616892f460d233652c0db367d67fe1,1
0xc7a34ea186e137002981bf9d51412ee53571c038,1
0xc806766c3fea2bc7dd85df36f50857d2fb44faad,1
0xc81fc12235c03f96c8c9e31eea71fcf1098cdcbd,1
0xc83345c502208e93650dbe5f694d79fe155c664e,1
0xc842ce7214a14fa98186a010bcb43c7e99e4caf3,1
0xc854ba0fe90f538a5544ba465c35332b06f78e32,1
0xc86d7e2d274bbf279b0a02ec4ebeb1d41ff9729f,1
0xc9b5e871fa595f230fb141419c8e83edf464320f,1
0xc9b93b198d4b97ba9829a52f85eba561f387aeb2,1
0xcafcdeb15a0012063ac62a721c14dc2eef257a58,1
0xcba88d0e47673352bdbe3ce9788df97bafdc7dde,1
0xcd0b2155c937abb6b0804a677838d709a6c555d4,1
0xcd523d25eb2a012f7e47647f3fd1cd5cb5d28ac1,1
0xcdadf36c0f98ab7f28b840fc8c662de8dd03c4ab,1
0xcde3725b25d6d9bc78cf0941cc15fd9710c764b9,1
0xce4c8a44881d290865598efb51c1a05ecb8a8324,1
0xce61ca41e238e0aa4c88d3c385dee9a91c8e83d5,1
0xce75046fd907ff9442ed831d7a98b1385e8a5c75,1
0xcf1e264b0b8fa3cd014cd7d32a81f5b46bc06250,1
0xcf354c795a3cd1dc000ed1cdb8b26e3b8eae2820,1
0xd0d2318ed62323f5e56e6fd1b98a57767405e0ec,1
0xd0e6b0ffe9ca48575bef9e76c12481d9a6c2bd08,1
0xd14cc3f1a7dd5e3900a20e76949a26d4a7fcf80a,1
0xd19440c61a5936368c8213d4846b6ae98d2c346e,1
0xd1bed3a32e50fb7fe9cc389fc577653be8e5ad11,1
0xd26b9a32606b276413c7eb68e0b236e882cae0f3,1
0xd2b507223552e1b21a48b8ca3fc0c43bb80a3ceb,1
0xd383eeeb6912036f36d0d1878e2dec6dd3eb80ba,1
0xd3906965782be804f684655a9d291327cb1f0902,1
0xd5e1fc75a20d77a451fa6c0dfd1959018a95b1e6,1
0xd640c898b0902bd02f69de0fe8d0bd560956db76,1
0xd791341128718249aefbecb3e7d505679d612a5e,1
0xd7c318e9f9129239f6ba4e10994137113dcf6244,1
0xd7f4d4b950ac0f215109d9ffcb8db69189b8e6e5,1
0xd8856d2f46bea35ff8616673b256085f5ea5f7fe,1
0xd8b2a9a6109049ed9b76d787deb6c9cfeb261c3e,1
0xda3c325ab45b30aeb476b026fe6a777443ca04f3,1
0xda7de4a782098167377f1f5c3370bda10856db02,1
0xda9d2bf46712231a74c41455d4f6f88fbba1aaaf,1
0xdab3c7e6a91d18b30415f21baf4c02279dfbf522,1
0xdbcc97577c433ded3728375a716aa07348516d7e,1
0xdc18e1f94eb8ca06455216bdbb1f6b64c1081881,1
0xdce51a76032be973c6de5270f197eb6cd9852606,1
0xdcf576fe412701c97978c4d3a3401d4e3baff398,1
0xdd175a204142040850211b529dcb9af6ee743e1b,1
0xde008e635489dd84e4a3cc6388013047133e47d2,1
0xde9acaed6ba8386cf5f9fc5cc4e0c88c40f3bb2c,1
0xdf19f015b6059c9bd1cc4fbd363999d67edea459,1
0xdf31b8f7f4849762a9579547a7d721e7ad6221e1,1
0xdf5a22af0b1f1150a88c10ce157c7d0d75368b2f,1
0xe022e3e0da36ed41479cdd29cc58d5d38d323ffd,1
0xe03e043b2aae3b438f6d3e98fd29a3c11d5b1489,1
0xe0e1bbfce51918d6e33de5f0d9dbab8393f0fbf5,1
0xe1524b3700ac5b3a4926e0046790bd84db0808d0,1
0xe1acf8fc08519c046ad19416ee5db1cb798391a3,1
0xe1c4a1f10683d3f8c48422867ccf469c84757e09,1
0xe24ed64192733544b6a94c67ee119acd89cf897d,1
0xe26c736b9c0a65bab44565cfb7bee66a81197c0d,1
0xe354dfb196075dd2e000007d261b31c1ffdcb920,1
0xe44496d9875b9ac0c1361b7c318cd0f7f27ccdf9,1
0xe4a705804e3d5bf12d1465fb4a91b997b851b860,1
0xe51424f6a01ea549065dc4ee9520ce402b5e0d0c,1
0xe632e3f69a102291b1e4e4e6a48ea559e5f656a1,1
0xe64b416c651a02f68566c7c2e38c19fae820e105,1
0xe73dcefcb4cc1a1a988ed5d94a6549948b06459d,1
0xe7657ab31a15a0a2e024ba12ab85967fec4253bc,1
0xe83eb018f14cef8e784958f4325ac61a71ec4b16,1
0xe8dffa89216bb387f0328fceaa888d5bb8e9bdc1,1
0xe90544460377e4702f2ad522fde70baab26ce21b,1
0xe98cff0706a985a11ed0cb2ed8f707953d89490d,1
0xeb1c22baacafac7836f20f684c946228401ff01c,1
0xeb76b1f8d69e1761aa9070b35cbcba74ec30978d,1
0xeb7c1ac40650cf6527bf232fce90829e7ff7527c,1
0xec41a0aaea12ad8f588e5ad0e71a837d83e05792,1
0xec920601a41973a80d27bf14a7d1c969969d15ef,1
0xecaa73ad30bd412b2bf25f35c593251df4f86b0e,1
0xece33c9543f75cd588626058b00fbdd260308821,1
0xee30f139cb35d0598248f95375944cee86c3a3e7,1
0xeec28d25001da8d7e80eacfa7f2f3f2cf0affebb,1
0xef5f66c1a9a8d3ef1d0176a26ad5d2bf65912c87,1
0xefd8cc5a8f8ba4fdd230c60c9505c83a1d432f47,1
0xf0b197f46e9defee904a4f0f63ce9515d5f5b496,1
0xf0e1617e5dd31a6737b86d3a978e2968f65c4487,1
0xf1422dbe3d7a3efb28b614196f4ee16d45789382,1
0xf15587c661ba1acf9eb6781d7bbe117d6f778d51,1
0xf1858a2395156fcc42c69842edadc494236487a1,1
0xf1a139d03b6105d5b1291d6a38862b943e365c2d,1
0xf21b03348f732623e0c87ec35f9fecf05100327d,1
0xf2e382804e9439ac176773ae942159663594341e,1
0xf34196597df209a04fc92b97071dcaabbc63f0e8,1
0xf3873a219317bfdf6650971f11905545a39510a4,1
0xf38db8a7f2e2bcd70b8a97eee283b9e4e6029624,1
0xf58c05e05287703fba1a457a784248ef01d13c12,1
0xf5abe8a978bbd06deeffe70bc28f27cf41b6b581,1
0xf62e85a8615bfcaa79f5b8847b379131e156c293,1
0xf7b18e107eb36797f4ce36de756630b9c30969ad,1
0xf81b7c6f8cef97afa8d0fd81f4bec728c4cf138e,1
0xf95fbbf2fcbab485d80194bad624cefbcee53b86,1
0xf976cc76a2821f8aabfa746151218a58a730a665,1
0xfa1b867a9a2ad93f186eef6e364dfa6548ca8f43,1
0xfa949ce340ef6ea03c94002543e01f33e0920f62,1
0xfae2d253295dd93370879185690aa07b2d27b4bd,1
0xfaea523cdf00e9be0a82fa201fbb111330cc7c0c,1
0xfb7a32afdb86dab4b34864693b0060b18aff4f9d,1
0xfb7db9bdabbfd4e1d339c94da2cfb9a6d3494d1e,1
0xfbf9e229d66ba032b7d1d3fdef2395dea86ac3ea,1
0xfc4569a73fe8d7589333c10400011508f120438f,1
0xfc871e9975012eb39a04178698444c652aae1e40,1
0xfcc9cf78a1494f61d41cf895102a81785a2fe27d,1
0xfce3754e75d57778ac509642fa0f6add3d8ddd92,1
0xfdf8dd4cd68e77fb325c5e54e680cbfbaebb1e9e,1
0xfdfff79aa0facecf5a1d1b29485412ca8253b4b7,1
0xfe2403bd7cd06ba489de589a71d0e56b5bd41301,1
0xfe5573c66273313034f7ff6050c54b5402553716,1
0xfea8cd172569b06341c5a0a79b9cad8cd62fe23f,1
0xffce201482a32122287658c588e0e0dfb3efccec,1
